MAE,MSE,RMSE,R2,MAPE
0.5925146969696972,1.296752081602525,1.1387502279264428,0.11334709277991994,80.93237261420093
