model,MAE,MSE,RMSE,R2,MAPE
TinyCNNRegressor,0.5752835856242613,1.3940855617852104,1.180714005077102,0.046795414949381664,73.35864267902986
