feature,importance
flow_y_abs_mean,0.3162473952936414
mag_median,0.21198189471873213
flow_y_std,0.19110115827409657
mag_p95,0.06537728098861804
motion_per_second_mean,0.0575556320969896
mag_mean,0.054057978627068015
mag_p90,0.05054375578011483
motion_per_second_p90,0.04649608755851163
mag_min,0.005668897080747518
flow_y_median,0.0009699195814801458
