MAE,MSE,RMSE,R2,MAPE
0.7987048764797774,2.062766848014637,1.4362335631834529,-0.4104147344443314,117.91738634257327
