model,MAE,MSE,RMSE,R2,MAPE
RandomForest,0.5437860792120339,1.168311949574557,1.0808847994002677,0.20116790146186458,65.27931048488159
ExtraTrees,0.4972179776009338,1.1500993191733826,1.0724268362799314,0.21362076883908143,54.14455829156031
GradientBoosting,0.535957360333234,1.0122927667365675,1.0061276095687701,0.30784585787929364,64.45301073644333
Ensemble,0.4893458100777482,1.0356566582199027,1.0176721762040577,0.2918708210148274,59.50878503837765
