model,MAE,MSE,RMSE,R2,MAPE
Ridge,0.7495338090238189,1.4906619860968733,1.2209266915326544,-0.019238605749447357,141.22486463657646
SVR,0.5423076488207066,1.3408360400302977,1.157944748263188,0.08320473137075235,80.98086252052201
RandomForest,0.5545161744752721,1.298275521210295,1.1394189401665635,0.11230544250893348,71.84614941711052
ExtraTrees,0.6008616702332668,1.3339010685591284,1.1549463487795129,0.08794651100900186,93.20929956824993
GradientBoosting,0.5330030025506519,1.3890662102386495,1.1785865306538377,0.05022740190457753,55.52225755416035
