MAE,MSE,RMSE,R2,MAPE
0.7987048256803643,2.0627667138087578,1.4362335164619846,-0.4104146426811981,117.91737772100713
