model,MAE,RMSE,R2,MAPE
Ridge,0.7337995883690386,1.1915690994924208,0.029187961407040053,122.41284566260366
SVR,0.6458165859816888,1.2079288353398427,0.002347291185528677,99.7577981641567
RandomForest,0.5539093239767809,1.136125723401928,0.11742936286066907,74.98231176787988
ExtraTrees,0.40721665908045684,0.9615947473508828,0.36776162410832114,52.00107594043876
GradientBoosting,0.6060008744774107,1.080503631160705,0.2017312098488303,82.93148382281524
