model,MAE,RMSE,R2,MAPE
CNNLSTM,0.8349832445383072,1.6361524532580867,-0.8303925063233266,103.28513052347772
